User ID,Password,Country,Membership Status,Revenue,User Status
David-428,sTUk8cA2,USA,unpaid,10,LOV29
Vicki-305,   375fsA6Q,UK,trial,,NON274
Juan-481,    syY5XETJ,New Zealand,trial,,MAD43
Michael-273,    9UhPWXK3,USA,unpaid,50,LOV167
Marie-274, Js9AnphP,New Zealand,trial,,LOV94
Kevin-482,   zj5FDUsK,Ireland,unpaid,30,LOV127
Zachary-189,fHqAW3Nw,UK,unpaid,40,LOV79
Lara-333, WUwfKa5G,Canada,trial,,HAP71
Randi-129, 4pGrtfdU,New Zealand,paid,40,LOV161
Barbara-487,    b6mrGhXM,Australia,trial,,SAD97
Stephen-89,   RCsfyHm6,New Zealand,trial,,HAP102
Jimmy-390,   6rHDL4em,Australia,unpaid,50,MAD144
Michael-71,    dhjPbz8C,UK,trial,,LOV181
Janene-652, 5khLbF6y,Canada,trial,,LOV49
Michael-580,9Bn82Fb7,United States of America,unpaid,25,MAD75
Kenneth-315, rUn6w4df,USA,unpaid,15,NON25
Dominic-491, r2ZSNvwX,Canada,paid,20,MAD124
Michelle-291,    AXEge4Lp,USA,paid,45,LOV178
Rolin-200,   J4XajZyG,United States of America,unpaid,40,NON83
Ed-344,   4jmgv87X,Canada,paid,65,MAD161
Michelle-225,SL3npB7x,New Zealand,unpaid,25,MAD88
Lisa-15,    2gJXAZzf,Australia,unpaid,45,LOV162
Carol-421,   qM29cU3j,Australia,unpaid,20,HAP179
Rajean-515,8hSusAyx,Canada,trial,,SAD45
Charles-379,AXjgpJ8h,Ireland,unpaid,5,LOV115
Daniel-392,2Xv6VBmC,Australia,trial,,SAD64
Anthony-656, 5rj9kxPX,United States of America,trial,,MAD55
John-357, x9Q5ETq4,United States of America,unpaid,15,MAD35
Bryan-469,   S2jYVDkZ,United Kingdom,trial,,LOV131
Robert-439,    Je28ayb4,UK,unpaid,20,MAD143
Barbara-309,    Tek25GQt,Canada,unpaid,15,MAD100
Claudia-631,   Ry8zuCYB,Ireland,paid,20,NON112
James-311,   jgsBR5qP,United Kingdom,trial,,NON177
Matthew-522,   gvDwsb53,United States of America,paid,25,LOV140
Barbara-108,PGwtvp6N,Canada,unpaid,25,SAD58
Troy-150, smUb8t5q,Australia,trial,,LOV87
Sheryl-638,kfX4gwNR,Australia,unpaid,5,MAD186
Jessica-527,    Ldnh23Gx,New Zealand,paid,30,MAD112
Kristin-471,   k9vLnMs7,USA,unpaid,40,HAP52
Heidi-591,    cT3rEQMy,USA,paid,55,SAD12
Ann-653,    eKXMz468,USA,unpaid,25,NON85
Michael-365,VBkYM5Gw,Canada,paid,20,LOV48
Corey-246,3HpfNAqQ,Australia,trial,,NON50
Gabriel-536, 2gkjXJTn,Ireland,trial,,HAP59
Chad-524,3yJqDenP,Australia,trial,,SAD111
Brenda-562, W8jF3ytV,Ireland,trial,,NON197
Craig-171, 2rhgp3uX,UK,unpaid,40,HAP54
Christopher-367,   v74XxbJV,Australia,unpaid,45,SAD64
Rick-544,    q87hvmAN,USA,unpaid,45,SAD98
William-465, LPmH7jKF,Canada,trial,,HAP98
Deborah-334,    96CUZQvY,UK,paid,50,MAD34
Cleatis-569,   yJbt5LST,USA,trial,,HAP37
Lynne-251,MUbWG4n2,Canada,paid,50,HAP167
Dominic-174,    tcKFV8Zs,Australia,unpaid,15,NON83
Rebecca-125,Tsfu9Fvb,United States of America,paid,45,HAP7
Debra-468,ZunUeNE3,United Kingdom,trial,,LOV69
Dean-395,   T5mMg6wU,Canada,trial,,HAP100
John-503,    TH5FWucp,Canada,paid,30,MAD14
Cam-153,    Ftpc8xmE,Australia,unpaid,30,MAD141
Charles-339, gA86Ge7c,USA,paid,15,NON242
Michael-167,AZs8Tq7g,Canada,paid,30,SAD87
Carlos-123,    zKnXv2hc,Canada,trial,,NON20
Ann-65,    3BXzhZq5,USA,paid,45,NON72
Catherine-285, Kn2xUwyN,New Zealand,unpaid,10,HAP149
Judith-578,    dva3neKk,Canada,unpaid,15,HAP3
Jeff-510,    QWcuyZY8,New Zealand,unpaid,30,SAD115
Icelita-345,4nUFu9Ka,Canada,paid,30,LOV46
James-63,CR4N86m7,New Zealand,paid,60,NON139
Anthony-304,seNDM6Ry,USA,paid,60,NON16
Timothy-492,    FQZbNf6d,Canada,paid,35,MAD39
John-297,avrJZ5X2,United Kingdom,trial,,LOV76
Philip-170, zg5BnwSG,Australia,unpaid,30,LOV102
Pete-165,    agMqyC2V,USA,unpaid,35,SAD155
Donald-254,kY4RLxzt,USA,paid,60,MAD145
Michael-267,   bGDext6y,USA,trial,,NON5
Gary-414,    Tp7GEa94,Canada,trial,,LOV46
Paul-256,   2v9pen8T,UK,paid,40,SAD172
Roger-194,   sJHXQ7eE,Australia,paid,30,LOV219
Patricia-655,    ydE6KWnj,USA,unpaid,25,MAD77
Liesl-483,   pScv6DTG,UK,paid,50,SAD164
Debra-571,   gUD9a3vx,USA,unpaid,5,HAP88
Jill-9,    5dgn48yH,Canada,unpaid,20,LOV157
Michael-203,swc8LEmn,UK,trial,,MAD62
John-184, rEMxfhA3,United Kingdom,paid,15,HAP33
Joseph-426,    yP8TY9gG,UK,trial,,LOV72
Cinnamon-166,Lp5JCQHt,United States of America,paid,60,SAD258
Teresa-40,   QDRq5xXh,New Zealand,trial,,LOV46
Brian-92,    eYSB2r3N,United States of America,trial,,LOV183
Max-302,h5Mua9Lx,United States of America,paid,55,SAD129
Florianne-546,   pHR6nrcN,UK,trial,,NON113
Michael-455,K4Rd5pj3,Canada,unpaid,40,MAD85
Harlon-201, R7PYceyN,Australia,trial,,HAP85
Daniel-260,    fT2Ljew9,Australia,paid,30,NON141
Mark-369,tCsbzFM6,USA,unpaid,30,SAD253
Christopher-3, bc6mUsC5,USA,trial,,LOV215
Michelle-299, CYp2DW5U,United Kingdom,paid,60,SAD239
Scott-419,   c2CVbBQN,USA,paid,15,LOV68
Tonya-206,   TwZmXH9c,USA,paid,20,LOV71
John-335,    6ZJMNcyU,Canada,unpaid,30,LOV66
John-628,   kTHz3XBg,Ireland,unpaid,20,NON29
David-179,z6AwdZDr,New Zealand,unpaid,45,SAD11
Andrea-549,VN9n2cCm,USA,unpaid,5,SAD158
Cynthia-0,zjBQd3Mr,USA,paid,65,LOV34
Michael-68,    P2aJQwn8,USA,unpaid,50,MAD86
Donald-359,7qYBxmRy,Canada,unpaid,25,SAD56
William-618,    n6KGpWQP,UK,unpaid,10,NON182
Christopher-286, E2NnRw6x,New Zealand,trial,,SAD164
Dennis-661,    atc5MWQe,USA,trial,,NON251
Suzanne-95,   veM7pZbE,Australia,paid,45,LOV150
Lon-389, kJYbxRm3,New Zealand,unpaid,40,MAD160
Craig-230,gYQzbR37,Ireland,unpaid,10,NON122
Alexander-130,7JSXFmZd,USA,unpaid,20,LOV11
Daniel-630,   fqGhWU6E,United Kingdom,paid,50,NON70
Dennis-158,   g8xJmh5T,Canada,unpaid,25,SAD49
Tony-600,   3QaVeGgd,USA,trial,,HAP32
Ensley-609, eyLhs3Yk,UK,trial,,MAD82
Mark-69,   6uA7zND8,Canada,paid,60,SAD96
Michael-659,   xqjVDdu2,United Kingdom,paid,40,SAD134
Marcus-626,   eHXkKL9Y,USA,paid,15,MAD11
Matt-23,    zW7VcBwn,United States of America,unpaid,45,LOV107
Matthew-602,   eYPBasS8,USA,trial,,NON9
Paul-287, wnk9YSVs,Ireland,unpaid,40,MAD3
Carey-347,h3DzGVAw,Ireland,trial,,HAP103
John-485, zH8CbPp5,United States of America,trial,,MAD87
Shannon-44,   kEyw38Na,New Zealand,paid,25,SAD220
Traci-646,   8JusgcTL,USA,trial,,SAD75
Lori-257, DSG8MpvK,Australia,trial,,LOV150
Dennis-238,    V8b6k2Rs,USA,paid,25,MAD118
Yvonne-207,6HKktWmQ,USA,trial,,LOV172
Susan-564, FAVSy6Gw,UK,paid,15,LOV95
Anthony-224,    2fKvtbzn,USA,paid,50,HAP105
Jill-248,    GxTas6zn,USA,paid,20,NON183
Michael-164,S3eECUNd,USA,unpaid,40,LOV251
Dominic-25,    3C4bBPjX,United Kingdom,paid,15,LOV62
Edward-247,R2PCypUg,United Kingdom,paid,35,LOV186
Christopher-183, vkASTYV2,USA,paid,50,MAD30
Mike-244,    9KNQMAq4,Australia,trial,,LOV134
Timothy-374,bYRpVF5M,UK,unpaid,50,SAD75
Brad-654, 7ZGmC2dR,USA,trial,,NON58
Charles-604,    GtAsbY3V,USA,trial,,MAD116
Kevin-276,   Pksy5WfN,Australia,unpaid,50,SAD168
Melissa-312,   2XvVPsaw,United Kingdom,paid,55,SAD59
Kristina-480, 2x7wAVRX,Australia,unpaid,35,SAD67
David-199,    Wrat94wQ,New Zealand,trial,,LOV161
Christopher-658,FYuv3KbG,UK,unpaid,5,MAD226
Douglas-220, B4KsZtVh,Australia,paid,20,SAD161
Karin-494,   72ebwPLZ,USA,trial,,SAD1
Cynthia-530,yHcL6h2p,UK,paid,45,NON238
Eric-378,   kHCcG68U,USA,paid,15,LOV22
Carey-518, fXyhDWB4,USA,trial,,MAD27
Sheri-282,    TvFL2JfV,New Zealand,trial,,LOV202
Robert-62,w4VaKFfb,Ireland,trial,,SAD17
Raymond-525,D3fVydMa,USA,trial,,NON127
Tamara-606,    Ud9NSGvD,New Zealand,unpaid,25,LOV257
Ewan-409, twQYDgT6,Australia,unpaid,20,NON118
Mark-557,    KJ9GtkD5,Canada,paid,40,SAD217
Norman-362,TsLfA76w,New Zealand,paid,65,HAP28
Michael-497, Sb7QkhvM,New Zealand,trial,,HAP147
Diane-623,eY9hSuUa,UK,unpaid,15,SAD24
Paul-256,   2v9pen8T,UK,paid,40,SAD172
Donald-64,   cACPfs2y,Ireland,unpaid,25,NON108
William-292,   ESjdA4Wr,USA,unpaid,10,MAD42
Ewan-155,    4Vk7RqBK,USA,unpaid,35,NON72
Jennifer-87, N5yD2HB7,Australia,unpaid,10,NON49
Teri-229,db6rR5gz,Canada,trial,,LOV39
Michael-118,rQKLM8nA,Canada,paid,35,NON6
James-119,VsNFf8qg,United Kingdom,unpaid,45,LOV83
Phillip-100,   7uaHhKGC,Ireland,unpaid,15,LOV222
Richard-438, T7gwLjzN,United States of America,unpaid,40,HAP75
Michael-346,   LN3yUM2T,New Zealand,paid,20,MAD114
Ensley-609, eyLhs3Yk,UK,trial,,HAP82
Fredrick-568, yBFE2QGU,Ireland,unpaid,15,LOV44
Deborah-147, tesZJ4vb,New Zealand,trial,,SAD60
Tia-408,PfGbaV39,USA,trial,,MAD133
Brad-654, 7ZGmC2dR,USA,trial,,NON58
Colleen-662, uWbtm4Y7,USA,trial,,MAD3
James-306, Du5WUmR3,UK,trial,,MAD103
Victor-551, 9Q7G6eYz,Canada,paid,40,NON149
Ann-476,   j2ESfaCz,Australia,unpaid,5,HAP12
Rajean-574,   Ybug64ZP,Australia,paid,25,NON29
Benjamin-178,w3REgD7a,Australia,unpaid,25,MAD225
Chris-621, GcStx69p,Australia,trial,,HAP56
Brady-552,e3nxCP4j,UK,paid,30,NON152
Marisa-98, TGeCBJ9H,UK,unpaid,20,NON98
Norman-185, 4TYNXQBe,USA,unpaid,50,MAD98
Robert-195,3f5S7zMB,Australia,trial,,LOV19
Diane-400,by2w4NpM,Australia,paid,20,LOV120
Jonathan-290,    3aGhXVck,USA,unpaid,15,LOV114
Debra-413, YKrfh8Js,USA,trial,,HAP177
Erik-236,9xDskgH6,Australia,unpaid,5,NON174
Gregory-198,   v5b8QFPc,Canada,trial,,NON235
Kevin-295,wa4UsQZx,USA,trial,,MAD50
Heidi-17,    tJZM34km,UK,trial,,NON177
Duane-499,   aWYu7bmj,UK,paid,15,SAD98
Juan-1,    aH5BSYLw,USA,unpaid,40,NON147
Karen-467,   xK5q7fXn,Australia,paid,60,NON14
Charles-397, Rkw6jMBJ,USA,paid,60,HAP78
Brian-363,   CXjMrH9m,USA,paid,15,MAD55
Angus-314, zHdn8gJV,Australia,trial,,HAP172
Henrietta-516,6xQ2B5YN,New Zealand,paid,50,HAP163
Polly-611,WwsCHFy8,Australia,paid,30,SAD196
Michael-239,   5PagmfCt,Australia,unpaid,5,NON106
Erik-107,    8DNg5jRu,United Kingdom,trial,,SAD69
Cam-268,aLdt7TBV,USA,trial,,NON69
Joanna-508,    vbf2h3FG,Canada,paid,15,LOV7
Alexandra-403,   fpe8rAuv,USA,trial,,SAD169
Karen-310, NV7PKMkd,Canada,unpaid,10,HAP189
Mike-433,NCD6QKbf,Australia,trial,,MAD190
Suzanne-616,   thPf4DAg,UK,unpaid,35,HAP73
Peter-398,    ZWATJa32,UK,unpaid,30,MAD66
Angela-109,XCjAc9qV,UK,trial,,HAP197
Robert-416,Zu4UCqQG,USA,paid,35,HAP93
Phillip-432,   jYWC4p6r,Australia,trial,,MAD215
Anne-228, FE7TDe4K,New Zealand,paid,55,NON88
Brian-11, K8kfG2VH,Australia,unpaid,15,HAP166
Jessica-361,   h3B8TLp7,USA,unpaid,30,LOV176
Lowell-597, K42J7dMD,USA,paid,25,NON113
Kuyler-70,8dBczYfs,United Kingdom,trial,,LOV99
Michael-37,    8asHfySx,USA,trial,,SAD22
Diane-323,   2KaE97nB,USA,paid,45,NON75
Angela-644,Xj8Hnrky,United States of America,unpaid,45,NON138
Erin-422,   Z57vXyLC,Australia,unpaid,45,HAP167
Richard-293,   YZec7bDn,UK,trial,,HAP48
Diane-669,    BU2X9yCd,United Kingdom,paid,40,SAD99
Cole-117,T5AwY63r,United States of America,unpaid,50,NON107
Michael-243,   wJyCaFf8,USA,trial,,MAD252
Dale-249,uAUR9d35,UK,unpaid,25,SAD218
Maria-418,    GyC3VRkA,Australia,paid,50,SAD43
Richard-509,Fek5DYBH,Canada,paid,50,HAP46
Jason-101,mh6PZ5Kd,United States of America,unpaid,10,NON36
Shari-664,   NYp4LPQT,USA,paid,45,LOV113
Cris-326, DV5Uw6zJ,United Kingdom,unpaid,20,LOV122
Keith-120,qLD8r2wz,USA,unpaid,50,HAP3
Nicole-320,6ZSWdxRF,United Kingdom,trial,,MAD127
Robert-632, FQwUJ5Au,USA,unpaid,20,NON26
Charles-541,ftbN6d7L,Australia,paid,55,MAD47
Keith-396, qLz7HnXV,Ireland,unpaid,15,LOV46
Timothy-448,85m27hzC,Ireland,trial,,LOV22
Amy-645,EUP6fxRV,Australia,unpaid,20,HAP10
Dac-127,   CBuF6dHr,Australia,paid,15,HAP40
Scott-533,    X6evPHfu,UK,trial,,NON248
Lon-338,2k5Xfg8Q,USA,unpaid,10,SAD173
Richard-2,6VaYSt4j,United States of America,paid,30,HAP50
William-197,gCJayD8M,USA,unpaid,45,MAD147
William-446,    yXHn8EZf,Australia,trial,,NON4
Lara-56,    Dbcg9xqw,UK,trial,,HAP16
Chris-329, aJzgx8bU,UK,unpaid,10,HAP109
Amy-620,3zuApLBD,Australia,paid,60,MAD0
Tamara-493, Aw9srvxL,United States of America,paid,65,LOV139
Bacardi-13,L52tcKRr,USA,paid,20,LOV90
Lisa-442,    BMTyjrU2,UK,unpaid,20,SAD123
Stephen-451,NpxR89Vf,USA,unpaid,45,SAD97
Curtis-331,    w64gV3Dy,UK,paid,60,HAP31
Gregory-666,7aqwubGx,Canada,trial,,SAD20
Kevin-218,   9kZNpsa2,Canada,unpaid,50,NON133
Christian-577, 5y6sHjxt,UK,paid,60,SAD106
Steve-188, Ac2LrqSN,United Kingdom,trial,,LOV135
Clint-128,   2PtaTM6U,United States of America,paid,35,HAP45
Lorna-90,    4sVxtzSA,Canada,unpaid,15,LOV184
Tony-60, EcSJy82H,UK,unpaid,10,HAP77
Christofer-168,    y2Yz7HS9,UK,trial,,LOV194
Rhonda-193, SdARUt4V,New Zealand,paid,45,NON190
John-14,    rZbVJ2u5,Australia,trial,,MAD46
Corey-489,   mPQBFt4V,United Kingdom,paid,20,SAD141
Troy-478,   jmWwMGs3,Canada,unpaid,25,LOV219
Irv-252,   2ZdznkbT,USA,unpaid,25,LOV208
Jill-567,W3RsHAuQ,New Zealand,trial,,SAD98
Scott-49, h6U5cteR,United States of America,unpaid,50,SAD18
Brian-375, Vf7uQC4p,New Zealand,unpaid,15,LOV170
Craig-162,    hnQb5emX,USA,paid,50,SAD45
Holly-443, H4qs8mDQ,United States of America,paid,15,LOV54
Robin-449, Q68bqXHc,Ireland,unpaid,5,MAD126
John-607,dL4k8tsf,United States of America,trial,,MAD128
Elbert-675,PnR5ugcy,UK,paid,40,NON85
Fredrick-204, 2LqxrWVB,United Kingdom,unpaid,40,SAD68
Charles-548,2RAtXeU3,USA,paid,20,MAD113
Scott-542,AxdWEu5r,USA,paid,25,LOV20
Michael-360,    ULbX35cE,United States of America,trial,,MAD65
Sandi-415,   mBegf5Fx,USA,paid,65,LOV104
Elbert-466,   zMb3qPTd,USA,trial,,SAD192
John-450, uhs7J5DG,Ireland,unpaid,25,NON48
Robert-313,    afN78CA9,Australia,paid,15,SAD138
Denise-523, H9B7LwKE,New Zealand,paid,55,NON96
Elena-387, 9Wc5SfhL,Canada,trial,,HAP128
Robert-145, Z89nkDcT,United Kingdom,paid,15,SAD70
Gustavo-463,    f9CawWAy,USA,paid,25,SAD45
Jonathan-83, Wu9KfCam,United Kingdom,paid,35,LOV151
Raquel-141,    HaV6xPsE,Ireland,paid,65,HAP126
Christopher-581,   4kdM6LQx,United Kingdom,paid,40,HAP21
David-537,    v3EAVahP,USA,unpaid,10,LOV85
Kirk-50, MDJueW5p,UK,paid,20,HAP145
Terry-511,    hwQM75re,USA,paid,30,LOV13
Chan-209,    4LW9Hn7U,UK,paid,30,NON40
Karin-122,Kamy5wCd,Ireland,unpaid,50,NON225
Jim-558,   B9aK4ePj,New Zealand,trial,,HAP252
Therese-460,   hnTHMt5d,Ireland,paid,15,MAD172
Rolin-200,   J4XajZyG,United States of America,unpaid,40,NON83
Cleatis-502,    ynBwfQS8,Canada,paid,50,HAP98
Daniel-630,   fqGhWU6E,United Kingdom,paid,50,NON70
Apr-88, 69CPAx3d,USA,trial,,NON59
Robert-180, UK3StpuQ,UK,paid,55,SAD45
Juan-651,jUEZ672R,United States of America,paid,45,LOV50
Christopher-214,8krg2FES,New Zealand,trial,,MAD147
Robbie-59,2Jx8PsXt,USA,paid,45,NON167
Sally-585,    svARM24r,Canada,unpaid,10,MAD97
Debbi-407,    4kGAzeFN,United Kingdom,paid,15,SAD94
Robert-58,AsrEN2qx,UK,unpaid,50,MAD183
Jessica-281,   anUSfN4Z,Canada,trial,,SAD109
Kathleen-104,    7DhNRbFJ,USA,unpaid,15,LOV350
Shari-512,   8WYautUf,United Kingdom,unpaid,15,NON50
Marcus-399,    tY6nXbrZ,United Kingdom,paid,15,LOV79
Marilyn-553,kmbAKh3N,Australia,unpaid,30,NON124
Letitia-67,    r9mcn5YW,Ireland,trial,,SAD167
Julian-308, jS37XuDE,USA,unpaid,35,SAD68
Mark-186,   r6X9zxAd,USA,unpaid,30,SAD5
Frederick-74, VNT96EaG,United States of America,unpaid,50,SAD109
Michael-402,   uECj4PQt,Australia,unpaid,40,MAD206
Anthony-425,    8eq5sYrS,USA,trial,,LOV3
Melissa-624,    nFzH4ek3,USA,paid,15,MAD14
William-240, wHP4MmWb,Ireland,paid,60,NON34
Dana-545,XnN347rT,USA,trial,,LOV344
Chris-152, N3PErwtp,Canada,unpaid,35,NON170
Greg-667,AvuwGP8X,USA,unpaid,30,SAD201
Douglas-154, YC8MhD4U,UK,unpaid,45,HAP147
Michael-140,EB8vKxV7,United States of America,paid,35,HAP134
Michael-139,3FEgpcqJ,UK,unpaid,10,HAP38
Shannon-601,    XV6abQed,United Kingdom,unpaid,45,NON29
Donnie-7, TA8wtSVr,UK,trial,,NON118
Carl-86, 2uaBe4b8,Australia,trial,,NON16
ReAnnon-431,   MRAyKWJ7,Australia,paid,25,SAD121
Anthony-507,   QeC6yAnb,USA,unpaid,40,MAD74
Brian-394, xLXR8uMj,New Zealand,unpaid,10,SAD324
Sheela-436,KEbMHxJ5,Australia,unpaid,15,MAD132
David-177,gDA6Musd,Ireland,unpaid,45,MAD66
Andrew-608,   Cstda4EN,Canada,paid,60,SAD66
Andrew-364,k5BdpENM,United States of America,paid,40,HAP126
Nicole-368,    b8nByt6T,UK,paid,50,SAD27
Jeremy-169,83hPDZ5p,Australia,trial,,MAD66
Christopher-340,   5yXf4x7J,New Zealand,unpaid,20,NON160
Lesa-649,   R7E2PZWc,Canada,unpaid,5,SAD4
John-598, 5mwEbaPv,UK,paid,60,MAD112
Dac-24,z7JN9EDX,Australia,paid,25,MAD38
Jeffrey-46,wuHBVY4Q,UK,unpaid,20,LOV2
Christopher-221, cU4mBTju,USA,trial,,SAD147
Andrew-245,   6G8unzmH,USA,trial,,MAD212
Jeanne-47, mG9W3PJh,USA,paid,15,SAD147
Janene-81,p5fXCSmK,United States of America,paid,40,NON274
Bruce-573,    S8dPDztY,Australia,paid,35,HAP265
Timothy-38,   BAY3DnuZ,USA,trial,,SAD143
David-461,5M3Wdhn7,UK,trial,,HAP75
Lisa-272,   Y6XPkUJ7,USA,paid,60,MAD149
Andrea-547,yrx5ZQd3,New Zealand,unpaid,45,SAD147
Nathaniel-457,   wZM4eXDz,Canada,unpaid,35,LOV285
Gretchen-271,    C9r2KpYt,USA,paid,35,NON99
Jessica-527,    Ldnh23Gx,New Zealand,paid,30,MAD112
Cliff-350,U7gWxEfj,Australia,paid,20,SAD66
Curtis-617,   Cwt7YuAB,USA,trial,,SAD133
Diane-633, vsXqF3Mx,Australia,unpaid,20,SAD142
Ronald-35,    t62ZN8XK,UK,unpaid,20,SAD96
Jerry-42,    2H87Ww5t,Australia,unpaid,30,MAD136
Jessica-114,    asuG34Mf,UK,unpaid,15,HAP100
Jaime-437,    hxPazfk4,UK,unpaid,30,NON33
Matthew-33,   fjca3FqL,New Zealand,trial,,NON99
Charles-29, FAxYseQ9,Ireland,paid,15,MAD125
Adam-51,    7cjP8ek9,USA,unpaid,30,NON60
Lisa-534,    r9pxcqLn,Australia,trial,,SAD4
Ralph-637,hVZuTXY7,Canada,trial,,SAD133
Brent-330,   R9zJjuDx,Canada,paid,60,MAD208
Matt-590,   z2JMSy3W,New Zealand,paid,65,SAD99
Robin-157,    eguR5hDU,UK,trial,,MAD40
Gretchen-434,   PHmda5Bw,United Kingdom,paid,15,HAP151
Anthony-470,v6aKrEp3,USA,trial,,HAP38
Thomas-303,   VQbKR69U,UK,trial,,HAP63
Keith-641, ng5CrxLa,Ireland,paid,15,SAD252
James-579, StkUr3BL,Australia,paid,40,LOV66
Annie-636,    7eZb6Y4J,Australia,unpaid,40,MAD128
Christopher-336,rJwNQ2pH,Australia,paid,35,MAD66
Jenny-575,    54nWwMGB,Australia,trial,,NON13
Matthew-384,rD2C5BUK,USA,paid,55,LOV166
Jessica-440,    HbWt8Y53,Ireland,unpaid,30,NON187
Pat-6, zAZ7h8Bw,Australia,unpaid,45,MAD239
Yvonne-207,6HKktWmQ,USA,trial,,LOV172
Stephen-216,   NbGUL2ux,USA,unpaid,45,SAD224
Cynthia-625,   5FeM4sLw,Australia,trial,,HAP177
Christopher-163,    wFcY5pK2,USA,trial,,LOV81
Jonathan-19,   E6ZBkL2v,USA,paid,25,LOV57
Karen-464,   3DbN7MWX,New Zealand,paid,20,LOV258
Kristina-444,   32HwbevW,Canada,paid,20,HAP117
Jan-12,    YzLjF3g4,USA,unpaid,40,HAP33
Paul-647,   MjBtVp9F,New Zealand,unpaid,20,HAP88
John-477,vU6eSskx,Australia,trial,,LOV16
Fiona-358,    WkA4N9dS,Australia,unpaid,30,HAP52
Regina-355, g8KfDvXu,United Kingdom,paid,30,MAD120
Frederick-176,    Ec6zs8Jr,Australia,unpaid,10,NON95
Linda-298,   x2dGt7f9,USA,trial,,SAD170
Charles-160,   MJ34wLa9,Canada,paid,30,NON71
Alicia-435,f9kTGxyC,UK,unpaid,35,LOV113
Terry-380, vzaqFD6c,UK,trial,,MAD46
Michael-322,    vRLtZQ3e,United Kingdom,paid,55,LOV78
Jerry-277,   htpXb9BC,USA,trial,,SAD276
Susan-459,    7r4WfpvQ,Canada,unpaid,20,SAD55
Williams-75,    wrZUE9kA,USA,unpaid,25,MAD239
Zachary-5,   FgCxnjA5,UK,unpaid,30,SAD35
William-115,A38ThXdR,Ireland,unpaid,45,LOV79
Shawn-242,pfB7gVZC,Australia,paid,60,HAP206
Troy-27,   KWH73erd,USA,trial,,HAP140
Brett-538,   5R7c8f4Q,USA,paid,30,SAD131
Tia-288,7kaEfeNh,Canada,trial,,NON47
Tamara-41, 5WPvsMhq,USA,paid,55,MAD147
Craig-371,    73tvHzCg,UK,unpaid,45,MAD11
Allen-208,zBYykG4X,New Zealand,trial,,LOV11
Danielle-149,   5sTfu3Sm,Canada,paid,35,HAP108
Carl-266,   fmeu9VEx,Australia,paid,15,LOV93
Pat-8, BdbK7Sf8,Canada,trial,,NON61
Larry-484,   G5Tgdpsj,UK,unpaid,45,HAP28
Brian-324,    dQGeK9PH,United States of America,paid,60,MAD40
Cliff-77,j7dZnH3B,UK,paid,50,HAP76
William-97,    Awbfq3CH,United States of America,paid,25,LOV76
Grant-342, 2C4aW7RH,New Zealand,paid,65,LOV163
John-612,    f9zuSGjC,Australia,paid,15,SAD7
Mark-349, RC8cYy7n,USA,paid,55,NON154
Cassy-76,   Ec7VvDp8,Canada,trial,,LOV57
Jennifer-671,   tCG8FzUW,USA,paid,15,SAD118
Andrea-21, 2fTWx4BA,Australia,trial,,SAD104
Denise-316, nMVZ6PtH,USA,paid,35,MAD82
Michael-376,    zsnE6BpK,Canada,unpaid,20,SAD125
Gregory-132,    ek8dDGA9,United Kingdom,unpaid,50,HAP193
Cynthia-278, mXxMk85j,UK,trial,,SAD156
Karin-627, RbWupQ2K,Australia,trial,,MAD69
Guy-540, ELVmMC7N,Australia,unpaid,5,SAD155
Jessica-539, kWAX45Su,USA,trial,,SAD83
Douglas-373,K5hcBAvu,Ireland,unpaid,50,LOV62
Christopher-286, E2NnRw6x,New Zealand,trial,,SAD164
Corey-561, 4uN7zVPn,Ireland,paid,45,SAD111
Scott-570,    N8hs9Yrw,Canada,paid,60,HAP18
Carol-401, FPR92XTb,United Kingdom,trial,,HAP141
Christopher-156,   ZbsP4aSH,UK,trial,,MAD47
Donald-112, yckzA2K6,United States of America,paid,60,LOV26
Robert-587,   LX7mrzjV,Canada,paid,20,LOV102
Shaun-215,w83CHugY,UK,unpaid,15,NON21
Kenneth-412,Sr5aM2HY,New Zealand,unpaid,30,NON29
Mark-404, BX4exzyZ,United Kingdom,paid,50,LOV148
Christopher-26, v7qfCrD2,Australia,paid,25,SAD11
Robert-202,    hkYMF2BR,New Zealand,paid,45,SAD208
Richard-84,   jbHN3GUC,USA,paid,20,HAP17
David-235,njh5UWYQ,Canada,trial,,NON145
Johnson-519, ep2ZqNgE,United States of America,trial,,MAD79
Gretchen-275,z8xXw4ML,USA,unpaid,40,NON132
Kenneth-592,7N2FKugb,Canada,unpaid,25,LOV138
Shaun-388,   58aUh3Eg,Canada,unpaid,5,SAD263
Duane-146,   nvEpC4Wb,USA,paid,45,HAP173
Ed-325,   en6puLDM,UK,unpaid,30,LOV195
Robert-180, UK3StpuQ,UK,paid,55,SAD45
Kevin-233,   eHQh8Wqm,Canada,trial,,NON47
Ken-472,    QHCx7wsn,UK,paid,50,MAD125
Jon-411,   G3ZgeEw5,Ireland,paid,55,MAD89
John-222, axs9CVm3,New Zealand,trial,,NON143
Timothy-492,    FQZbNf6d,Canada,paid,35,MAD39
Angela-16, ujyrFgV7,Australia,unpaid,25,MAD130
Michelle-143,   WJN8Xfwh,United States of America,trial,,SAD226
Scott-514,   TmSPBdx7,USA,trial,,SAD145
Angela-383,    W7Ht34eR,USA,unpaid,10,HAP141
John-614,B3yqaJZm,USA,paid,30,HAP196
Warren-136, xDJ6Tkvc,USA,paid,25,SAD76
Jeffrey-106,    mZd76tYh,Australia,paid,55,HAP134
Raymond-454,    RdMwPh9H,United Kingdom,unpaid,40,MAD130
Benjamin-231,    4QFuXbSJ,Ireland,paid,35,HAP72
Kent-351,   VYbq84zk,USA,unpaid,30,NON57
Curtis-529, Km9SB6xt,New Zealand,paid,40,SAD99
Lynn-495,    46bmZTqG,New Zealand,trial,,SAD40
Jessica-663,   QmrNXV9Y,UK,trial,,LOV94
Ruben-356,    hHM2TLFE,United States of America,paid,40,MAD22
Lateef-116,    vmjg5HkK,USA,unpaid,25,LOV182
Jerry-277,   htpXb9BC,USA,trial,,SAD276
Deborah-453,   M3aCG6PS,Australia,paid,55,SAD67
Ensley-609, eyLhs3Yk,UK,trial,,MAD84
Benjamin-479,   TkCYB2dE,Australia,paid,20,MAD144
Gary-583,    RacZr2FE,USA,unpaid,45,NON150
Terry-554, AT4pSYeh,New Zealand,trial,,HAP55
George-31,RVkwM85N,USA,paid,20,MAD10
Terry-572,ShRwn6Fc,Australia,trial,,HAP44
Christofer-54,e7AsvD2V,USA,paid,35,MAD99
Carol-513,   DW5eEh2g,Australia,paid,40,MAD153
Lara-61,RB7k8Tah,Canada,unpaid,15,HAP161
Jason-134,   KAvP6XaM,USA,unpaid,25,HAP60
Jaime-531,    U3wjVRDu,Australia,trial,,HAP24
Lisa-353,   xFY6f7DX,United Kingdom,paid,45,SAD51
Marisa-594,   s8tcYbha,USA,unpaid,50,HAP149
Sheryl-501,   ya5kthAf,UK,unpaid,30,NON76
Ed-161,   rHSyTC5U,United States of America,trial,,LOV9
Juan-234,    3GEJWb5K,Australia,trial,,HAP211
Mary-377,y2MfdcTu,USA,unpaid,45,LOV44
Cathy-488,u7wQjG5E,United Kingdom,unpaid,5,NON42
David-296,    RjYJUTt9,UK,trial,,SAD62
Janine-210, Xm8LVvBG,Canada,trial,,HAP109
Rita-615,   g6hENz9j,USA,trial,,SAD15
Dennis-80,    sEmyfS5Y,New Zealand,unpaid,30,MAD108
Richard-498,   F6YaQ89X,USA,paid,55,LOV131
Dominic-10,RbDPc3CK,USA,trial,,LOV70
Lori-124,    3atkf9AP,United Kingdom,paid,40,NON3
George-55,swHbE38L,Canada,paid,30,HAP5
Thomas-126,    SjHsb4yZ,Australia,unpaid,25,SAD177
John-550,Pxw3WT7Z,USA,trial,,LOV63
Michael-528,    u3Nce79d,USA,unpaid,10,MAD48
Ann-532, MGmhxS5n,UK,unpaid,30,LOV160
Adam-283,5fXxpgJn,New Zealand,paid,45,SAD79
Martin-66,    qzM7xVcU,UK,paid,50,HAP18
Richard-648,   btRYu38n,United States of America,unpaid,50,NON175
Norman-4, mrStj5e4,USA,paid,60,LOV49
Stephanie-474,   U2h4QCd9,Canada,unpaid,50,NON104
Eileen-352,    Agx7BabL,United Kingdom,paid,45,HAP42
Tammy-57,    JjRZET7S,UK,paid,35,LOV83
Charles-219, PgzZH3Qb,Ireland,unpaid,40,NON48
Susan-521, 29hY4xG6,New Zealand,unpaid,35,HAP194
Leonard-53,    aUTy7Rt2,UK,trial,,NON92
Marisa-181,Jgqx6N3G,Canada,trial,,MAD114
Sheela-526,gR9TZD4K,USA,trial,,MAD186
Brandyn-131,   jKdbRFf9,Australia,unpaid,45,NON100
Duane-85,   DMUz8XFq,United Kingdom,paid,60,LOV41
James-63,CR4N86m7,New Zealand,paid,60,NON139
Chad-241,   Hh9yPG8E,UK,unpaid,30,MAD158
Desiree-348,    qWKDZJH6,United States of America,unpaid,40,MAD75
Kathleen-301, WV6PRcSM,Australia,trial,,MAD75
Ricky-372, 6J82hSCz,United Kingdom,unpaid,30,SAD61
Elena-595, 84vgQF6G,USA,paid,25,LOV100
Thomas-593,4xDu2GQh,Canada,paid,65,MAD155
Ed-173,   muwq52yB,USA,paid,35,NON115
Tonya-582,    NDYvEB7k,United Kingdom,trial,,LOV141
Verna-237,   73bhQCNf,UK,paid,35,NON142
Patricia-427,aJ4TV8Fp,USA,paid,65,LOV106
Julia-650,   NrVPpGy3,UK,paid,40,SAD156
Holly-555, DMX4Lj9b,USA,unpaid,45,NON47
Karen-603,    Rn5HJ2ez,UK,trial,,NON190
George-289,   jCsFeDw3,Canada,trial,,SAD141
Steven-430,6ymENR93,United Kingdom,trial,,SAD146
Robert-556,    SDEVQR2q,USA,trial,,SAD101
Joanna-508,    vbf2h3FG,Canada,paid,15,LOV7
Ralph-172,    7cTfVteS,Canada,trial,,NON169
David-34, c5YvjSH8,United States of America,trial,,LOV17
Michael-192,   FYXWput9,United Kingdom,paid,15,NON17
Marc-586,cen3p86Q,UK,paid,65,LOV109
Warren-506,   3fPY8dxC,USA,trial,,LOV172
Carol-18,xrP5bvfD,Australia,unpaid,50,SAD78
Frank-144,AZ5jCbJs,United Kingdom,unpaid,30,LOV89
Christopher-133,   vm2qesYG,United States of America,trial,,HAP144
David-613,   b2hs5kKE,Ireland,paid,45,LOV235
Richard-135,CSdm4fTW,USA,trial,,SAD234
Jeff-584,    cTyrtUv6,Australia,trial,,LOV62
Jeffrey-113,neRuvCc2,USA,paid,15,NON205
John-576,    UbPd8XaR,Canada,unpaid,20,MAD53
Ray-318, Ja8dN9HM,USA,unpaid,10,HAP112
Lisa-643,    jU6aSGFm,UK,trial,,SAD46
Grant-599,    TF3M6Lga,New Zealand,paid,15,LOV44
Rolin-635,C3nDtBrE,Canada,unpaid,30,MAD146
Sherri-629,   fjBhzK9r,Australia,trial,,HAP85
Rebecca-420,TD4xsHuA,Ireland,paid,50,LOV63
Judith-45,    pd9QuYtR,Ireland,paid,25,HAP5
Sandra-261,   qdFhXU2x,New Zealand,unpaid,45,NON120
Debra-319, mFHEv2Uf,Canada,paid,55,LOV63
Robert-673, pEx9QmgP,USA,trial,,HAP201
Florianne-258,   9gYNXCrc,Ireland,unpaid,50,NON24
Timothy-262,kKD8rhB7,UK,trial,,NON79
Donna-490,m4u3CH2U,USA,paid,65,HAP188
Stephen-441,3rWuXkha,UK,unpaid,35,MAD97
David-660, Gw2WsNDC,Canada,paid,65,NON9
Bacardi-111,dW2pVNBA,USA,unpaid,15,LOV86
Brian-668,   8AbrCGWV,United Kingdom,paid,55,MAD208
Christine-445,    Rgn7DPrS,Canada,unpaid,25,MAD154
Marie-475,    7BkFy6xn,UK,unpaid,30,MAD89
Charles-543, wXCAah9p,USA,unpaid,15,HAP113
Chan-142,   Q2uMjGRS,USA,unpaid,35,LOV40
Michael-300,    wc6ZvHLf,New Zealand,trial,,SAD19
Robert-159, 6VtAZXyk,USA,trial,,MAD155
Mark-48, rbx42vTF,Canada,paid,65,HAP190
Elizabeth-354,    nuqc2yYL,Australia,trial,,SAD172
ReAnnon-431,   MRAyKWJ7,Australia,paid,25,SAD121
Raquel-82,   n4QBcAmy,Australia,unpaid,10,SAD324
Melissa-610,   LVbSB284,USA,unpaid,10,NON69
Shannon-588,GvbURdE2,Ireland,trial,,LOV53
Brian-11, K8kfG2VH,Australia,unpaid,15,HAP166
Randi-370,8Sbu3T5M,Australia,unpaid,30,LOV73
Bryan-73,    64urz9PS,New Zealand,paid,55,NON147
Sally-103,S9fLB8bn,Ireland,trial,,NON81
Michael-405,   Rbv4nVwt,Canada,paid,55,HAP146
Michael-337,M3AZghtj,Australia,unpaid,20,HAP14
Troy-424,   5wTeqDQx,Australia,paid,40,MAD180
Yvonne-391, t96kwVBK,USA,unpaid,5,SAD32
Mark-39,   MWtL7xHz,UK,trial,,NON117
Rita-280,   W3AvZPVG,New Zealand,trial,,HAP58
Dennis-661,    atc5MWQe,USA,trial,,NON251
Roger-191,6cXxwWbM,Canada,paid,35,LOV45
Dennis-661,    atc5MWQe,USA,trial,,NON251
Melissa-462,   jZeE4vkR,Canada,paid,65,MAD176
Al-263,    EUAHQbN7,Ireland,trial,,NON49
Cole-121,   7uAgQjea,Canada,paid,30,HAP24
Taslim-670,   5sD8zjKb,Ireland,trial,,SAD37
Robert-232,    dx2nLTcD,Canada,unpaid,5,SAD155
Michael-406,    ehWD5Upd,Australia,trial,,LOV76
David-605,4MJpnRZT,USA,unpaid,40,SAD34
Ewan-409, twQYDgT6,Australia,unpaid,20,NON118
Mark-269,   Ge6TmNjX,Canada,paid,45,NON52
Shaun-264,fWcG6LRu,New Zealand,unpaid,15,MAD58
Matthew-190,NcFRnuw2,UK,trial,,HAP142
Mark-110,9Hq2Z6ne,New Zealand,trial,,LOV265
Carolyn-250,   9M6heRTH,Ireland,trial,,NON70
Larry-456, paS3fnU4,Ireland,unpaid,15,MAD32
Rena-226,mePFwqh4,UK,unpaid,40,SAD120
Chris-417,Nrsq3hyb,Australia,trial,,LOV96
Joseph-270,   MGBzHd9a,UK,trial,,MAD27
Stephanie-596, LEfJ6Gws,United Kingdom,paid,30,SAD115
Allen-255,jBf46KbS,Ireland,trial,,MAD214
Jessica-99, DQFw2cMe,United Kingdom,unpaid,5,LOV47
Douglas-259,   6sSucFgW,Canada,unpaid,15,HAP144
Brian-327, 9UhdAF6n,Canada,trial,,NON105
Larry-182, ML9AEc6t,Ireland,paid,20,MAD233
Desiree-348,    qWKDZJH6,United States of America,unpaid,40,MAD75
Shannon-393,    FX5hgymp,New Zealand,trial,,NON193
Eric-565,   WvsYGe5u,United Kingdom,paid,20,SAD37
Letitia-284,    VgcC9W7J,USA,trial,,LOV102
Robert-36,    MWQAqF8t,New Zealand,paid,20,MAD123
Cathy-488,u7wQjG5E,United Kingdom,unpaid,5,NON42
Jeremy-517,   P2YvUWgh,USA,paid,35,HAP87
Anthony-137,    H4ASWyRp,New Zealand,paid,65,HAP51
Rebecca-381,   Zx9hELkb,UK,unpaid,30,NON87
Kevin-505,    EwbczZ9q,United Kingdom,trial,,LOV59
Bruce-317, gNp2r5Uv,USA,paid,30,NON137
Lara-640, 6rUTkatH,UK,unpaid,15,NON83
Christopher-473,   xKuLMdt8,UK,trial,,NON230
Meegan-279, p28PVCEJ,New Zealand,unpaid,25,MAD137
Jeffrey-294, 8VxFSn7r,UK,unpaid,20,NON71
Brenda-589,   nuzD2qAk,Australia,unpaid,15,HAP10
Erin-52,    t8Cyp5BM,USA,unpaid,35,MAD131
David-537,    v3EAVahP,USA,unpaid,10,LOV85
Jan-265,Kmh5nj4G,UK,paid,40,HAP117
Alexandra-403,   fpe8rAuv,USA,trial,,SAD169
Brenda-639,z7Wbu45L,Canada,paid,20,LOV119
Rick-560,    y2JcMqpk,UK,trial,,MAD5
Joseph-429, 5j2AcBMf,Ireland,unpaid,30,NON65
Michael-205,uRZ8zJpH,USA,trial,,NON41
Shannon-187,    xj9YBAJP,New Zealand,unpaid,45,MAD79
Daniel-672,   kbW7gNe5,Australia,trial,,MAD56
Cherie-20,T28VNvGL,USA,paid,50,NON132
Debra-196,4CXxGPT9,Canada,unpaid,50,LOV80
Jonathan-366,    d8MR39Ut,UK,paid,35,HAP41
Robert-341, zNEnD5Gt,USA,trial,,NON98
Timothy-28,2Aju5mt6,Australia,paid,60,MAD87
Claudia-332,GM5NaVXb,USA,paid,35,LOV60
Jill-217,36Rz5uGQ,Australia,trial,,HAP11
Suzanne-343,   FH2kRqP6,Australia,unpaid,15,SAD70
Christopher-486, vg3myBKf,United Kingdom,trial,,SAD142
Ricky-211,Jc65RDAV,United Kingdom,paid,65,LOV27
Steven-410, HnMfKWD2,Australia,trial,,HAP61
Jingwen-151,dVP3Atrh,United Kingdom,trial,,NON55
Lisa-504,sN4rjtY2,UK,unpaid,15,SAD78
Angela-94,   DZpLdV5x,Australia,unpaid,35,LOV98
Rodney-458,   PR8dZkMx,USA,trial,,NON78
Melissa-665,es38T24K,Ireland,unpaid,15,SAD140
Brandon-566, 8LruJ7tA,USA,trial,,HAP121
Timothy-657,BkjqLK26,Australia,unpaid,45,HAP274
Bruce-96,    ySjG9B8r,Canada,unpaid,45,LOV192
Jonathan-78,Xm9vDyEq,Canada,trial,,SAD102
Kes-447,   YebC7whG,New Zealand,trial,,NON28
Jenny-382,    7tAvqjUT,USA,unpaid,50,SAD154
Janet-32, 9pBQk4KH,UK,trial,,HAP170
Gary-307,    9tjc3xRU,Canada,paid,50,NON19
Paul-227, AHPhn9M8,United Kingdom,trial,,MAD25
Jenny-72,    txdjkuL9,Canada,trial,,NON26
Barbara-634,VjHd7BcC,UK,paid,20,LOV70
Polly-386,    pQF892MV,Canada,unpaid,25,NON44
Chad-43, C6PFXDKg,Australia,unpaid,15,LOV36
Robert-175, XZj4u28S,New Zealand,unpaid,10,LOV157
Emily-212, VZ2s8H7N,United Kingdom,trial,,NON80
Richelle-321,h82BTae7,USA,paid,60,NON141
Karen-102,yVm78eqY,Ireland,unpaid,35,NON4
Don-496,   Le4mvrX6,USA,trial,,HAP238
Michael-622,   mWa7PZLj,USA,paid,25,NON236
Steven-223, Utr45EFd,Canada,unpaid,40,HAP279
David-138,   q4WsLgHx,USA,unpaid,45,LOV58
Sonia-423,   c4EPGaWJ,Australia,trial,,NON18
Sandi-91,   2CwMFnzc,United Kingdom,trial,,NON54
John-520,    yxJqPMf8,New Zealand,paid,25,NON122
Greg-619,   6FjeN7Hw,United Kingdom,paid,55,MAD158
Chris-213,CpEPe3Rq,USA,trial,,MAD157
Cheryl-328,    dnskVM9N,UK,paid,15,MAD160
Michael-563,    7pqUuvrd,United Kingdom,unpaid,45,LOV97
Don-148,YK6mBC7A,USA,unpaid,20,SAD132
Leigh-642,   zHw5R2Fk,USA,unpaid,30,MAD136
Donna-452, 7d8Xt5Y9,New Zealand,trial,,SAD190
Robert-79,   MkaR3Vq8,USA,trial,,SAD111
Scott-22, b7F3Jfqh,Ireland,paid,25,HAP66
Daniel-535,   e6FnAJvC,USA,trial,,NON144
Amy-500, MfPdw9cH,Canada,unpaid,25,MAD104
Don-674,   A5tu7Yzd,UK,trial,,HAP0
Matt-93,4yBLehVs,UK,paid,60,HAP62
Michael-30,FSHcKU9z,UK,unpaid,25,SAD229
Eric-385, vFQxhuq5,Canada,paid,55,LOV103
Juli-105,3gWHfnKx,Australia,unpaid,15,HAP100
Brian-253, FqCGv9gM,USA,trial,,SAD111
Thomas-559,   g9rXWnAY,United Kingdom,unpaid,45,SAD123
